"STATE","Year","Fatalities","Occurrence"
"AL",1950,15,2
"AR",1950,51,13
"CO",1950,1,3
"CT",1950,3,2
"FL",1950,0,6
"GA",1950,1,4
"IA",1950,5,4
"IL",1950,34,11
"IN",1950,0,3
"KS",1950,27,33
"KY",1950,0,2
"LA",1950,173,28
"MD",1950,0,1
"MN",1950,4,1
"MO",1950,8,6
"MS",1950,29,16
"NC",1950,8,9
"ND",1950,0,2
"NE",1950,135,6
"NM",1950,0,2
"OH",1950,31,3
"OK",1950,51,25
"PA",1950,3,6
"SC",1950,0,1
"SD",1950,0,1
"TN",1950,18,3
"TX",1950,117,20
"WI",1950,15,6
"WV",1950,0,1
"WY",1950,0,3
"AL",1951,13,5
"AR",1951,7,3
"CA",1951,0,1
"CO",1951,2,8
"CT",1951,17,3
"FL",1951,3,9
"GA",1951,0,3
"IA",1951,17,5
"IL",1951,60,5
"IN",1951,6,5
"KS",1951,123,77
"KY",1951,12,2
"LA",1951,14,10
"MA",1951,0,2
"MI",1951,5,8
"MN",1951,66,4
"MO",1951,2,6
"MS",1951,20,9
"NC",1951,0,4
"ND",1951,0,2
"NE",1951,8,9
"NH",1951,0,1
"NJ",1951,2,1
"NM",1951,0,2
"OH",1951,5,3
"OK",1951,16,45
"OR",1951,0,1
"PA",1951,1,4
"SC",1951,0,1
"SD",1951,5,2
"TN",1951,0,1
"TX",1951,121,15
"VA",1951,12,5
"WI",1951,20,7
"WV",1951,1,1
"AL",1952,122,13
"AR",1952,843,29
"AZ",1952,0,1
"CA",1952,0,1
"CO",1952,6,3
"FL",1952,9,10
"GA",1952,34,13
"IA",1952,5,6
"IL",1952,1,4
"IN",1952,0,2
"KS",1952,3,21
"KY",1952,21,3
"LA",1952,55,11
"MD",1952,1,4
"MN",1952,29,11
"MO",1952,135,11
"MS",1952,37,7
"MT",1952,3,2
"NC",1952,9,7
"ND",1952,28,11
"NE",1952,21,11
"NJ",1952,0,4
"NY",1952,0,1
"OH",1952,4,2
"OK",1952,2,25
"PA",1952,14,7
"SC",1952,6,3
"SD",1952,0,5
"TN",1952,734,26
"TX",1952,13,13
"VA",1952,2,3
"WI",1952,8,1
"WY",1952,0,1
"AL",1953,264,22
"AR",1953,9,11
"CA",1953,0,2
"CO",1953,0,14
"FL",1953,36,21
"GA",1953,640,12
"IA",1953,21,32
"IL",1953,14,5
"IN",1953,14,9
"KS",1953,3,30
"LA",1953,163,32
"MA",1953,1335,4
"MD",1953,0,2
"ME",1953,2,2
"MI",1953,1109,20
"MN",1953,33,10
"MO",1953,1,6
"MS",1953,349,26
"MT",1953,0,5
"NC",1953,1,5
"ND",1953,22,10
"NE",1953,119,49
"NH",1953,5,2
"OH",1953,396,8
"OK",1953,50,56
"PA",1953,2,6
"SC",1953,2,4
"SD",1953,2,12
"TN",1953,38,17
"TX",1953,984,33
"UT",1953,0,2
"VA",1953,0,6
"VT",1953,0,1
"WI",1953,36,9
"WY",1953,0,7
"AL",1954,36,10
"AR",1954,39,33
"AZ",1954,0,2
"CA",1954,0,1
"CO",1954,0,9
"CT",1954,2,2
"DE",1954,0,1
"FL",1954,8,13
"GA",1954,227,37
"IA",1954,5,19
"ID",1954,0,3
"IL",1954,20,9
"IN",1954,6,32
"KS",1954,2,68
"KY",1954,0,3
"LA",1954,13,11
"MA",1954,0,2
"MD",1954,8,2
"ME",1954,3,2
"MI",1954,2,12
"MN",1954,1,7
"MO",1954,7,40
"MS",1954,63,19
"MT",1954,0,4
"NC",1954,5,9
"ND",1954,0,4
"NE",1954,39,19
"NH",1954,0,1
"NM",1954,0,8
"NY",1954,0,2
"OH",1954,5,13
"OK",1954,106,61
"OR",1954,0,1
"PA",1954,10,22
"SC",1954,0,1
"SD",1954,4,16
"TN",1954,4,2
"TX",1954,132,84
"UT",1954,0,1
"VA",1954,0,5
"WA",1954,0,1
"WI",1954,4,13
"WV",1954,0,3
"WY",1954,0,2
"AL",1955,32,30
"AR",1955,35,65
"AZ",1955,0,7
"CA",1955,0,7
"CO",1955,1,36
"CT",1955,0,3
"DE",1955,1,1
"FL",1955,0,24
"GA",1955,9,36
"HI",1955,0,2
"IA",1955,0,25
"ID",1955,0,2
"IL",1955,10,62
"IN",1955,29,35
"KS",1955,356,161
"KY",1955,13,18
"LA",1955,0,15
"MA",1955,0,8
"ME",1955,0,1
"MI",1955,2,33
"MN",1955,26,40
"MO",1955,25,77
"MS",1955,1,18
"MT",1955,0,16
"NC",1955,3,18
"ND",1955,21,26
"NE",1955,45,68
"NH",1955,0,3
"NJ",1955,0,4
"NM",1955,0,4
"NY",1955,0,4
"OH",1955,13,23
"OK",1955,322,136
"OR",1955,0,2
"PA",1955,1,16
"SC",1955,17,20
"SD",1955,2,32
"TN",1955,16,31
"TX",1955,65,241
"UT",1955,0,3
"VA",1955,0,13
"VT",1955,0,5
"WA",1955,0,5
"WI",1955,7,25
"WV",1955,0,5
"WY",1955,3,7
"AL",1956,228,26
"AR",1956,20,66
"AZ",1956,0,7
"CA",1956,2,2
"CO",1956,0,33
"CT",1956,0,5
"FL",1956,21,22
"GA",1956,2,42
"IA",1956,9,46
"ID",1956,0,17
"IL",1956,42,63
"IN",1956,53,65
"KS",1956,55,228
"KY",1956,17,19
"LA",1956,4,20
"MA",1956,14,24
"MD",1956,0,7
"ME",1956,0,2
"MI",1956,558,70
"MN",1956,0,46
"MO",1956,23,93
"MS",1956,64,16
"MT",1956,0,20
"NC",1956,2,21
"ND",1956,9,17
"NE",1956,8,102
"NH",1956,0,3
"NJ",1956,8,9
"NM",1956,0,12
"NY",1956,0,14
"OH",1956,7,33
"OK",1956,136,186
"OR",1956,0,3
"PA",1956,9,22
"RI",1956,0,3
"SC",1956,2,26
"SD",1956,3,50
"TN",1956,69,23
"TX",1956,11,170
"UT",1956,0,2
"VA",1956,0,26
"VT",1956,0,1
"WA",1956,0,5
"WI",1956,61,25
"WV",1956,1,5
"WY",1956,0,6
"AL",1957,202,70
"AR",1957,33,80
"AZ",1957,0,10
"CA",1957,0,11
"CO",1957,1,39
"CT",1957,0,6
"DE",1957,0,3
"FL",1957,1,32
"GA",1957,25,44
"HI",1957,0,1
"IA",1957,1,46
"ID",1957,0,5
"IL",1957,345,83
"IN",1957,3,77
"KS",1957,43,154
"KY",1957,0,19
"LA",1957,104,50
"MA",1957,0,24
"MD",1957,0,9
"ME",1957,0,3
"MI",1957,19,32
"MN",1957,4,39
"MO",1957,366,120
"MS",1957,120,52
"MT",1957,0,36
"NC",1957,114,32
"ND",1957,113,41
"NE",1957,10,120
"NH",1957,1,3
"NJ",1957,0,7
"NM",1957,1,35
"NV",1957,0,1
"NY",1957,0,17
"OH",1957,3,26
"OK",1957,75,250
"OR",1957,0,6
"PA",1957,5,20
"RI",1957,0,2
"SC",1957,19,28
"SD",1957,2,63
"TN",1957,19,67
"TX",1957,527,346
"UT",1957,0,3
"VA",1957,5,25
"VT",1957,0,7
"WA",1957,0,3
"WI",1957,8,21
"WV",1957,0,10
"WY",1957,0,6
"AL",1958,4,36
"AR",1958,0,30
"AZ",1958,0,13
"CA",1958,0,35
"CO",1958,5,87
"CT",1958,2,5
"DE",1958,0,3
"FL",1958,70,45
"GA",1958,19,27
"IA",1958,2,49
"ID",1958,0,21
"IL",1958,27,106
"IN",1958,4,79
"KS",1958,39,209
"KY",1958,12,25
"LA",1958,3,18
"MA",1958,3,24
"MD",1958,0,24
"ME",1958,0,15
"MI",1958,0,30
"MN",1958,18,46
"MO",1958,12,151
"MS",1958,105,40
"MT",1958,3,88
"NC",1958,1,31
"ND",1958,4,30
"NE",1958,4,162
"NH",1958,0,3
"NJ",1958,1,8
"NM",1958,0,13
"NV",1958,0,1
"NY",1958,0,28
"OH",1958,14,34
"OK",1958,25,134
"OR",1958,0,16
"PA",1958,0,29
"SC",1958,3,12
"SD",1958,0,60
"TN",1958,0,38
"TX",1958,54,288
"UT",1958,0,12
"VA",1958,0,24
"VT",1958,0,9
"WA",1958,0,6
"WI",1958,168,32
"WV",1958,0,9
"WY",1958,0,28
"AL",1959,8,26
"AR",1959,42,47
"AZ",1959,1,11
"CA",1959,0,5
"CO",1959,0,16
"CT",1959,0,4
"DE",1959,0,1
"FL",1959,106,38
"GA",1959,9,34
"IA",1959,7,66
"ID",1959,0,6
"IL",1959,20,65
"IN",1959,0,40
"KS",1959,6,212
"KY",1959,9,24
"LA",1959,4,34
"MA",1959,0,10
"MD",1959,0,9
"ME",1959,2,8
"MI",1959,0,22
"MN",1959,0,55
"MO",1959,372,126
"MS",1959,3,33
"MT",1959,0,28
"NC",1959,1,32
"ND",1959,1,27
"NE",1959,6,113
"NH",1959,0,2
"NM",1959,0,32
"NV",1959,0,4
"NY",1959,3,17
"OH",1959,6,26
"OK",1959,49,189
"PA",1959,0,9
"RI",1959,0,1
"SC",1959,0,15
"SD",1959,3,51
"TN",1959,10,37
"TX",1959,70,249
"UT",1959,0,3
"VA",1959,25,19
"VT",1959,0,4
"WI",1959,15,49
"WV",1959,12,3
"WY",1959,2,11
"AL",1960,2,29
"AR",1960,59,50
"AZ",1960,0,6
"CA",1960,0,5
"CO",1960,5,37
"CT",1960,0,6
"DE",1960,0,1
"FL",1960,10,66
"GA",1960,0,25
"IA",1960,6,89
"ID",1960,0,3
"IL",1960,26,105
"IN",1960,1,41
"KS",1960,122,195
"KY",1960,12,17
"LA",1960,12,28
"MA",1960,0,9
"MD",1960,0,11
"ME",1960,0,8
"MI",1960,0,44
"MN",1960,0,35
"MO",1960,9,94
"MS",1960,2,26
"MT",1960,0,30
"NC",1960,9,19
"ND",1960,1,35
"NE",1960,13,136
"NH",1960,0,3
"NJ",1960,6,8
"NM",1960,34,24
"NY",1960,9,27
"OH",1960,0,33
"OK",1960,354,252
"OR",1960,0,3
"PA",1960,0,14
"SC",1960,10,27
"SD",1960,1,48
"TN",1960,1,20
"TX",1960,76,224
"UT",1960,0,2
"VA",1960,0,49
"VT",1960,0,7
"WI",1960,0,41
"WV",1960,0,2
"WY",1960,3,11
"AL",1961,28,52
"AR",1961,107,85
"AZ",1961,3,24
"CA",1961,3,2
"CO",1961,2,36
"CT",1961,0,7
"DE",1961,0,2
"FL",1961,10,66
"GA",1961,20,78
"IA",1961,25,70
"ID",1961,0,9
"IL",1961,146,113
"IN",1961,28,69
"KS",1961,15,169
"KY",1961,67,35
"LA",1961,134,52
"MA",1961,0,13
"MD",1961,0,9
"ME",1961,1,14
"MI",1961,1,46
"MN",1961,4,42
"MO",1961,34,137
"MS",1961,24,34
"MT",1961,1,26
"NC",1961,3,30
"ND",1961,0,12
"NE",1961,0,91
"NH",1961,1,6
"NJ",1961,0,1
"NM",1961,3,33
"NV",1961,0,6
"NY",1961,4,27
"OH",1961,30,47
"OK",1961,126,224
"OR",1961,0,1
"PA",1961,6,24
"RI",1961,0,1
"SC",1961,10,24
"SD",1961,8,41
"TN",1961,2,29
"TX",1961,289,354
"UT",1961,0,6
"VA",1961,3,28
"VT",1961,0,6
"WA",1961,0,3
"WI",1961,1,40
"WV",1961,0,8
"WY",1961,0,14
"AL",1962,10,49
"AR",1962,4,34
"AZ",1962,0,10
"CA",1962,0,5
"CO",1962,0,73
"CT",1962,51,12
"DE",1962,0,5
"FL",1962,154,54
"GA",1962,0,50
"IA",1962,6,88
"ID",1962,0,13
"IL",1962,10,58
"IN",1962,54,34
"KS",1962,16,237
"KY",1962,0,20
"LA",1962,34,46
"MA",1962,3,12
"MD",1962,0,14
"ME",1962,0,4
"MI",1962,0,49
"MN",1962,37,78
"MO",1962,3,105
"MS",1962,15,45
"MT",1962,0,44
"NC",1962,0,24
"ND",1962,0,45
"NE",1962,27,155
"NH",1962,0,12
"NJ",1962,1,6
"NM",1962,1,28
"NV",1962,0,1
"NY",1962,0,23
"OH",1962,24,44
"OK",1962,16,232
"OR",1962,0,2
"PA",1962,0,27
"SC",1962,4,28
"SD",1962,43,72
"TN",1962,0,30
"TX",1962,58,375
"UT",1962,0,4
"VA",1962,5,36
"VT",1962,1,14
"WA",1962,0,1
"WI",1962,0,45
"WV",1962,0,11
"WY",1962,4,35
"AL",1963,79,56
"AR",1963,0,21
"AZ",1963,0,14
"CO",1963,0,25
"CT",1963,0,8
"DE",1963,0,4
"FL",1963,4,69
"GA",1963,18,58
"HI",1963,1,2
"IA",1963,2,57
"ID",1963,0,7
"IL",1963,112,78
"IN",1963,55,69
"KS",1963,3,156
"KY",1963,7,26
"LA",1963,5,27
"MA",1963,0,17
"MD",1963,0,12
"ME",1963,0,18
"MI",1963,2,64
"MN",1963,0,40
"MO",1963,6,92
"MS",1963,55,32
"MT",1963,0,45
"NC",1963,4,29
"ND",1963,0,32
"NE",1963,9,89
"NH",1963,0,14
"NJ",1963,0,5
"NM",1963,0,33
"NV",1963,0,1
"NY",1963,0,16
"OH",1963,10,48
"OK",1963,12,182
"OR",1963,0,4
"PA",1963,92,35
"SC",1963,16,27
"SD",1963,0,54
"TN",1963,31,56
"TX",1963,6,260
"UT",1963,0,9
"VA",1963,0,6
"VT",1963,0,5
"WA",1963,0,3
"WI",1963,40,55
"WV",1963,0,5
"WY",1963,0,3
"AL",1964,43,58
"AR",1964,8,64
"AZ",1964,11,10
"CA",1964,0,7
"CO",1964,0,12
"CT",1964,0,4
"DE",1964,0,3
"FL",1964,65,76
"GA",1964,24,53
"IA",1964,74,135
"ID",1964,0,13
"IL",1964,6,66
"IN",1964,4,48
"KS",1964,46,264
"KY",1964,38,38
"LA",1964,195,55
"MA",1964,0,15
"MD",1964,0,5
"ME",1964,0,4
"MI",1964,244,49
"MN",1964,29,68
"MO",1964,44,132
"MS",1964,0,48
"MT",1964,1,30
"NC",1964,19,37
"ND",1964,11,34
"NE",1964,72,152
"NH",1964,0,4
"NJ",1964,10,8
"NM",1964,10,19
"NV",1964,1,7
"NY",1964,0,19
"OH",1964,7,35
"OK",1964,4,202
"OR",1964,0,2
"PA",1964,10,18
"RI",1964,0,1
"SC",1964,3,31
"SD",1964,13,73
"TN",1964,19,40
"TX",1964,140,256
"UT",1964,0,5
"VA",1964,3,7
"VT",1964,0,9
"WA",1964,0,4
"WI",1964,67,101
"WV",1964,0,8
"WY",1964,0,19
"AL",1965,44,43
"AR",1965,231,60
"AZ",1965,0,9
"CA",1965,0,6
"CO",1965,5,78
"CT",1965,0,5
"DE",1965,0,2
"FL",1965,8,48
"GA",1965,3,34
"HI",1965,0,1
"IA",1965,57,148
"ID",1965,0,12
"IL",1965,225,123
"IN",1965,1957,105
"KS",1965,55,215
"KY",1965,12,33
"LA",1965,11,85
"MA",1965,0,17
"MD",1965,0,20
"ME",1965,3,9
"MI",1965,853,83
"MN",1965,702,101
"MO",1965,24,146
"MS",1965,17,71
"MT",1965,6,43
"NC",1965,93,41
"ND",1965,1,77
"NE",1965,58,142
"NH",1965,0,8
"NJ",1965,0,3
"NM",1965,3,48
"NV",1965,0,4
"NY",1965,3,33
"OH",1965,804,89
"OK",1965,12,210
"OR",1965,0,2
"PA",1965,7,30
"RI",1965,0,1
"SC",1965,46,41
"SD",1965,5,99
"TN",1965,60,50
"TX",1965,102,335
"UT",1965,0,12
"VA",1965,5,17
"VT",1965,1,5
"WA",1965,0,2
"WI",1965,81,72
"WV",1965,3,16
"WY",1965,1,21
"AL",1966,18,25
"AR",1966,2,44
"AZ",1966,9,14
"CA",1966,10,8
"CO",1966,0,40
"CT",1966,0,7
"DE",1966,0,2
"FL",1966,546,70
"GA",1966,18,49
"IA",1966,182,87
"ID",1966,0,12
"IL",1966,51,83
"IN",1966,1,38
"KS",1966,530,189
"KY",1966,2,22
"LA",1966,2,40
"MA",1966,1,24
"MD",1966,0,11
"ME",1966,0,6
"MI",1966,0,51
"MN",1966,5,71
"MO",1966,36,166
"MS",1966,590,85
"MT",1966,0,43
"NC",1966,9,56
"ND",1966,3,67
"NE",1966,2,75
"NH",1966,0,11
"NJ",1966,0,6
"NM",1966,0,41
"NV",1966,0,2
"NY",1966,0,46
"OH",1966,23,63
"OK",1966,21,232
"OR",1966,0,3
"PA",1966,6,29
"SC",1966,8,32
"SD",1966,15,84
"TN",1966,1,54
"TX",1966,11,279
"UT",1966,0,4
"VA",1966,2,20
"VT",1966,0,10
"WA",1966,0,2
"WI",1966,18,63
"WV",1966,0,8
"WY",1966,6,14
"AL",1967,102,97
"AR",1967,28,84
"AZ",1967,0,15
"CA",1967,0,7
"CO",1967,8,60
"DE",1967,7,5
"FL",1967,150,57
"GA",1967,7,46
"HI",1967,0,2
"IA",1967,39,123
"ID",1967,0,24
"IL",1967,1133,115
"IN",1967,16,68
"KS",1967,42,181
"KY",1967,7,45
"LA",1967,17,46
"MA",1967,0,3
"MD",1967,1,13
"ME",1967,0,5
"MI",1967,56,61
"MN",1967,108,81
"MO",1967,331,168
"MS",1967,46,85
"MT",1967,0,22
"NC",1967,0,43
"ND",1967,0,39
"NE",1967,4,131
"NH",1967,5,4
"NJ",1967,0,4
"NM",1967,0,37
"NV",1967,0,3
"NY",1967,0,15
"OH",1967,4,49
"OK",1967,18,194
"OR",1967,0,5
"PA",1967,11,37
"SC",1967,5,37
"SD",1967,15,68
"TN",1967,14,67
"TX",1967,49,403
"UT",1967,0,8
"VA",1967,6,28
"VT",1967,0,1
"WA",1967,0,1
"WI",1967,19,64
"WV",1967,7,21
"WY",1967,3,16
"AL",1968,47,88
"AR",1968,788,112
"AZ",1968,8,16
"CO",1968,2,34
"CT",1968,0,8
"DE",1968,0,5
"FL",1968,60,124
"GA",1968,12,86
"IA",1968,654,134
"ID",1968,0,11
"IL",1968,143,65
"IN",1968,26,52
"KS",1968,16,216
"KY",1968,405,83
"LA",1968,1,77
"MA",1968,5,20
"MD",1968,0,22
"ME",1968,2,13
"MI",1968,15,109
"MN",1968,165,149
"MO",1968,8,135
"MS",1968,48,117
"MT",1968,0,44
"NC",1968,0,50
"ND",1968,3,37
"NE",1968,3,151
"NH",1968,1,12
"NJ",1968,0,6
"NM",1968,3,30
"NV",1968,0,1
"NY",1968,4,49
"OH",1968,146,104
"OK",1968,15,284
"OR",1968,0,4
"PA",1968,1,62
"SC",1968,1,32
"SD",1968,2,75
"TN",1968,37,49
"TX",1968,15,469
"UT",1968,1,12
"VA",1968,0,35
"VT",1968,0,9
"WA",1968,0,1
"WI",1968,16,85
"WV",1968,0,18
"WY",1968,0,17
"AL",1969,18,61
"AR",1969,1,73
"AZ",1969,2,17
"CA",1969,0,3
"CO",1969,0,39
"CT",1969,0,7
"DE",1969,0,4
"FL",1969,10,139
"GA",1969,39,67
"IA",1969,0,150
"ID",1969,0,14
"IL",1969,4,75
"IN",1969,13,63
"KS",1969,77,191
"KY",1969,15,75
"LA",1969,19,65
"MA",1969,0,15
"MD",1969,1,27
"ME",1969,0,5
"MI",1969,65,72
"MN",1969,132,87
"MO",1969,54,188
"MS",1969,293,98
"MT",1969,0,32
"NC",1969,2,45
"ND",1969,1,34
"NE",1969,1,104
"NH",1969,0,3
"NJ",1969,0,5
"NM",1969,4,54
"NV",1969,0,4
"NY",1969,1,64
"OH",1969,359,73
"OK",1969,2,159
"OR",1969,0,9
"PA",1969,0,46
"RI",1969,0,4
"SC",1969,3,31
"SD",1969,18,97
"TN",1969,0,41
"TX",1969,70,410
"UT",1969,0,13
"VA",1969,6,37
"VT",1969,1,10
"WA",1969,1,5
"WI",1969,163,60
"WV",1969,1,36
"WY",1969,1,15
"AL",1970,18,62
"AR",1970,86,94
"AZ",1970,0,18
"CA",1970,0,7
"CO",1970,0,24
"CT",1970,1,5
"DE",1970,0,13
"FL",1970,14,106
"GA",1970,19,75
"IA",1970,0,154
"ID",1970,0,30
"IL",1970,16,100
"IN",1970,13,93
"KS",1970,5,207
"KY",1970,15,106
"LA",1970,7,52
"MA",1970,1,22
"MD",1970,0,40
"ME",1970,0,13
"MI",1970,0,49
"MN",1970,9,78
"MO",1970,20,216
"MS",1970,114,124
"MT",1970,0,44
"NC",1970,1,87
"ND",1970,9,46
"NE",1970,1,139
"NH",1970,0,12
"NJ",1970,0,19
"NM",1970,0,29
"NV",1970,0,6
"NY",1970,5,55
"OH",1970,17,97
"OK",1970,124,163
"OR",1970,0,7
"PA",1970,11,106
"SC",1970,0,42
"SD",1970,2,85
"TN",1970,117,83
"TX",1970,787,325
"UT",1970,1,14
"VA",1970,0,41
"VT",1970,7,11
"WA",1970,0,4
"WI",1970,8,84
"WV",1970,0,17
"WY",1970,0,11
"AL",1971,20,135
"AR",1971,29,84
"AZ",1971,43,25
"CA",1971,0,3
"CO",1971,9,63
"CT",1971,2,11
"DE",1971,0,9
"FL",1971,125,151
"GA",1971,51,150
"HI",1971,4,5
"IA",1971,28,177
"ID",1971,0,6
"IL",1971,49,85
"IN",1971,16,89
"KS",1971,13,236
"KY",1971,139,96
"LA",1971,49,64
"MA",1971,3,22
"MD",1971,0,32
"ME",1971,1,20
"MI",1971,5,69
"MN",1971,1,101
"MO",1971,147,182
"MS",1971,1608,128
"MT",1971,0,33
"NC",1971,62,44
"ND",1971,2,51
"NE",1971,1,141
"NH",1971,0,11
"NJ",1971,0,5
"NM",1971,0,36
"NV",1971,0,2
"NY",1971,0,36
"OH",1971,17,81
"OK",1971,13,189
"OR",1971,0,5
"PA",1971,4,42
"RI",1971,0,2
"SC",1971,0,48
"SD",1971,3,93
"TN",1971,226,68
"TX",1971,180,483
"UT",1971,0,6
"VA",1971,4,21
"VT",1971,0,5
"WA",1971,0,5
"WI",1971,25,100
"WV",1971,0,6
"WY",1971,3,15
"AL",1972,99,61
"AR",1972,3,74
"AZ",1972,18,36
"CA",1972,0,10
"CO",1972,3,53
"CT",1972,0,4
"FL",1972,116,136
"GA",1972,51,79
"IA",1972,3,64
"ID",1972,0,4
"IL",1972,75,101
"IN",1972,20,25
"KS",1972,17,155
"KY",1972,9,28
"LA",1972,5,65
"MA",1972,12,21
"MD",1972,0,3
"ME",1972,0,3
"MI",1972,9,35
"MN",1972,0,32
"MO",1972,15,97
"MS",1972,96,105
"MT",1972,0,18
"NC",1972,4,15
"ND",1972,1,25
"NE",1972,0,84
"NH",1972,7,9
"NJ",1972,0,1
"NM",1972,1,41
"NV",1972,0,6
"NY",1972,5,19
"OH",1972,1,35
"OK",1972,14,82
"OR",1972,0,3
"PA",1972,3,15
"RI",1972,0,1
"SC",1972,3,13
"SD",1972,1,67
"TN",1972,35,44
"TX",1972,65,399
"UT",1972,0,2
"VA",1972,2,12
"VT",1972,0,6
"WA",1972,307,6
"WI",1972,3,52
"WV",1972,0,4
"WY",1972,0,18
"AL",1973,418,196
"AR",1973,401,159
"AZ",1973,0,14
"CA",1973,0,8
"CO",1973,5,89
"CT",1973,1,18
"DE",1973,0,3
"FL",1973,95,115
"GA",1973,200,98
"HI",1973,0,1
"IA",1973,23,181
"ID",1973,0,13
"IL",1973,9,173
"IN",1973,2,101
"KS",1973,59,259
"KY",1973,15,106
"LA",1973,53,131
"MA",1973,40,43
"MD",1973,4,19
"ME",1973,0,14
"MI",1973,10,97
"MN",1973,23,132
"MO",1973,99,309
"MS",1973,187,174
"MT",1973,0,41
"NC",1973,21,82
"ND",1973,0,70
"NE",1973,13,201
"NH",1973,0,12
"NJ",1973,12,13
"NM",1973,0,22
"NV",1973,1,8
"NY",1973,3,76
"OH",1973,146,165
"OK",1973,232,257
"OR",1973,0,1
"PA",1973,4,95
"RI",1973,0,3
"SC",1973,121,68
"SD",1973,23,107
"TN",1973,10,104
"TX",1973,226,503
"UT",1973,0,14
"VA",1973,37,19
"VT",1973,0,10
"WA",1973,0,1
"WI",1973,2,105
"WV",1973,0,6
"WY",1973,0,27
"AL",1974,1038,185
"AR",1974,118,126
"AZ",1974,41,39
"CA",1974,1,6
"CO",1974,0,60
"CT",1974,0,13
"DE",1974,0,7
"FL",1974,72,155
"GA",1974,200,173
"IA",1974,109,343
"IL",1974,68,462
"IN",1974,884,166
"KS",1974,193,415
"KY",1974,1378,144
"LA",1974,129,180
"MA",1974,1,15
"MD",1974,0,31
"ME",1974,1,17
"MI",1974,54,137
"MN",1974,9,200
"MO",1974,8,226
"MS",1974,27,134
"MT",1974,0,26
"NC",1974,59,79
"ND",1974,11,81
"NE",1974,20,266
"NH",1974,0,8
"NJ",1974,0,18
"NM",1974,9,27
"NV",1974,0,4
"NY",1974,0,91
"OH",1974,1440,213
"OK",1974,317,171
"OR",1974,0,1
"PA",1974,3,128
"PR",1974,0,1
"RI",1974,0,3
"SC",1974,12,100
"SD",1974,1,115
"TN",1974,821,159
"TX",1974,63,424
"VA",1974,12,66
"VT",1974,0,4
"WA",1974,0,2
"WI",1974,56,108
"WV",1974,33,30
"WY",1974,2,27
"AL",1975,144,133
"AR",1975,94,153
"AZ",1975,0,27
"CA",1975,0,8
"CO",1975,0,79
"CT",1975,0,5
"DC",1975,0,1
"DE",1975,3,16
"FL",1975,81,210
"GA",1975,253,152
"HI",1975,0,1
"IA",1975,7,211
"ID",1975,0,36
"IL",1975,80,300
"IN",1975,29,107
"KS",1975,0,230
"KY",1975,0,51
"LA",1975,63,225
"MA",1975,0,3
"MD",1975,0,44
"ME",1975,0,15
"MI",1975,19,182
"MN",1975,2,147
"MO",1975,50,249
"MS",1975,239,215
"MT",1975,1,64
"NC",1975,32,148
"ND",1975,10,62
"NE",1975,145,243
"NH",1975,0,11
"NJ",1975,0,17
"NM",1975,0,23
"NV",1975,0,5
"NY",1975,5,67
"OH",1975,5,84
"OK",1975,93,227
"OR",1975,0,7
"PA",1975,2,109
"SC",1975,32,112
"SD",1975,0,128
"TN",1975,47,83
"TX",1975,68,497
"UT",1975,0,6
"VA",1975,6,93
"VT",1975,0,14
"WA",1975,0,11
"WI",1975,6,100
"WV",1975,0,31
"WY",1975,1,33
"AL",1976,61,100
"AR",1976,133,111
"AZ",1976,0,30
"CA",1976,0,9
"CO",1976,1,72
"CT",1976,0,10
"DC",1976,0,3
"DE",1976,1,12
"FL",1976,33,127
"GA",1976,3,87
"IA",1976,17,112
"ID",1976,0,25
"IL",1976,122,157
"IN",1976,78,150
"KS",1976,4,134
"KY",1976,12,73
"LA",1976,74,121
"MA",1976,0,21
"MD",1976,0,28
"ME",1976,2,5
"MI",1976,96,141
"MN",1976,18,110
"MO",1976,30,124
"MS",1976,299,179
"MT",1976,0,41
"NC",1976,20,86
"ND",1976,5,128
"NE",1976,23,138
"NH",1976,5,12
"NJ",1976,0,13
"NM",1976,2,17
"NV",1976,0,11
"NY",1976,0,50
"OH",1976,0,109
"OK",1976,82,161
"OR",1976,0,1
"PA",1976,28,104
"RI",1976,0,1
"SC",1976,12,57
"SD",1976,0,43
"TN",1976,12,74
"TX",1976,64,585
"UT",1976,0,12
"VA",1976,0,55
"VT",1976,0,8
"WA",1976,0,5
"WI",1976,2,61
"WV",1976,0,17
"WY",1976,0,38
"AL",1977,167,131
"AR",1977,8,103
"AZ",1977,0,21
"CA",1977,4,6
"CO",1977,3,96
"CT",1977,0,4
"DE",1977,1,10
"FL",1977,19,92
"GA",1977,23,75
"IA",1977,23,101
"ID",1977,0,6
"IL",1977,67,164
"IN",1977,6,98
"KS",1977,1,202
"KY",1977,23,86
"LA",1977,30,111
"MA",1977,2,6
"MD",1977,0,13
"ME",1977,0,6
"MI",1977,70,80
"MN",1977,33,157
"MO",1977,59,174
"MS",1977,23,127
"MT",1977,0,13
"NC",1977,12,90
"ND",1977,1,151
"NE",1977,1,256
"NH",1977,0,8
"NJ",1977,1,13
"NM",1977,3,27
"NV",1977,0,6
"NY",1977,1,23
"OH",1977,47,88
"OK",1977,19,192
"OR",1977,0,4
"PA",1977,11,83
"SC",1977,13,56
"SD",1977,0,119
"TN",1977,20,69
"TX",1977,60,379
"UT",1977,0,6
"VA",1977,3,71
"VT",1977,0,3
"WI",1977,50,135
"WV",1977,9,22
"WY",1977,1,45
"AL",1978,49,119
"AR",1978,36,125
"AZ",1978,0,27
"CA",1978,7,20
"CO",1978,3,58
"CT",1978,0,1
"DC",1978,0,3
"DE",1978,0,2
"FL",1978,158,186
"GA",1978,6,83
"HI",1978,0,1
"IA",1978,53,141
"ID",1978,2,6
"IL",1978,5,113
"IN",1978,6,92
"KS",1978,25,224
"KY",1978,17,46
"LA",1978,295,98
"MA",1978,0,2
"MD",1978,0,20
"ME",1978,0,8
"MI",1978,12,71
"MN",1978,52,135
"MO",1978,10,175
"MS",1978,63,101
"MT",1978,0,47
"NC",1978,12,65
"ND",1978,40,186
"NE",1978,9,265
"NH",1978,0,6
"NJ",1978,0,3
"NM",1978,0,26
"NV",1978,0,6
"NY",1978,0,37
"OH",1978,14,69
"OK",1978,3,132
"OR",1978,0,3
"PA",1978,32,81
"SC",1978,1,33
"SD",1978,15,121
"TN",1978,27,43
"TX",1978,1,496
"UT",1978,0,5
"VA",1978,14,31
"VT",1978,0,1
"WA",1978,0,6
"WI",1978,2,73
"WV",1978,1,11
"WY",1978,2,54
"AL",1979,44,97
"AR",1979,60,139
"AZ",1979,3,29
"CA",1979,0,10
"CO",1979,1,116
"CT",1979,503,9
"DC",1979,0,1
"DE",1979,5,4
"FL",1979,70,141
"GA",1979,12,111
"IA",1979,121,206
"ID",1979,0,24
"IL",1979,1,72
"IN",1979,4,142
"KS",1979,20,206
"KY",1979,34,73
"LA",1979,22,105
"MA",1979,5,14
"MD",1979,2,28
"ME",1979,0,2
"MI",1979,7,95
"MN",1979,1,202
"MO",1979,33,134
"MS",1979,0,81
"MT",1979,0,23
"NC",1979,15,64
"ND",1979,0,117
"NE",1979,1,339
"NH",1979,0,7
"NJ",1979,1,9
"NM",1979,0,35
"NV",1979,0,10
"NY",1979,1,46
"OH",1979,4,58
"OK",1979,143,307
"PA",1979,6,80
"RI",1979,0,4
"SC",1979,2,25
"SD",1979,1,115
"TN",1979,11,45
"TX",1979,1889,726
"UT",1979,0,4
"VA",1979,20,30
"VT",1979,0,8
"WA",1979,0,2
"WI",1979,14,91
"WV",1979,1,18
"WY",1979,41,75
"AL",1980,26,134
"AR",1980,114,112
"AZ",1980,0,22
"CA",1980,4,28
"CO",1980,0,82
"CT",1980,0,4
"DC",1980,0,4
"DE",1980,0,13
"FL",1980,60,141
"GA",1980,12,187
"HI",1980,0,1
"IA",1980,8,288
"ID",1980,0,8
"IL",1980,7,251
"IN",1980,66,356
"KS",1980,5,248
"KY",1980,16,96
"LA",1980,13,133
"MA",1980,0,6
"MD",1980,14,36
"ME",1980,0,9
"MI",1980,102,180
"MN",1980,17,253
"MO",1980,48,205
"MS",1980,56,99
"MT",1980,0,35
"NC",1980,0,76
"ND",1980,0,225
"NE",1980,209,441
"NH",1980,0,10
"NJ",1980,0,24
"NM",1980,0,12
"NV",1980,0,7
"NY",1980,0,55
"OH",1980,57,409
"OK",1980,20,215
"PA",1980,142,137
"SC",1980,45,41
"SD",1980,0,252
"TN",1980,19,54
"TX",1980,53,772
"UT",1980,0,7
"VA",1980,1,83
"VT",1980,0,10
"WA",1980,0,2
"WI",1980,56,262
"WV",1980,15,76
"WY",1980,0,45
"AL",1981,92,113
"AR",1981,10,101
"AZ",1981,0,25
"CA",1981,0,13
"CO",1981,44,132
"CT",1981,0,2
"DC",1981,0,1
"DE",1981,0,3
"FL",1981,33,136
"GA",1981,6,120
"IA",1981,12,190
"ID",1981,0,15
"IL",1981,49,202
"IN",1981,0,129
"KS",1981,43,257
"KY",1981,10,102
"LA",1981,12,131
"MA",1981,3,19
"MD",1981,2,14
"ME",1981,0,8
"MI",1981,0,48
"MN",1981,95,174
"MO",1981,43,270
"MS",1981,5,76
"MT",1981,0,36
"NC",1981,6,59
"ND",1981,0,133
"NE",1981,0,282
"NH",1981,0,8
"NJ",1981,0,8
"NM",1981,0,21
"NV",1981,0,6
"NY",1981,0,16
"OH",1981,85,151
"OK",1981,106,231
"OR",1981,0,4
"PA",1981,6,57
"RI",1981,0,1
"SC",1981,6,25
"SD",1981,2,159
"TN",1981,0,40
"TX",1981,84,768
"UT",1981,0,10
"VA",1981,0,26
"VT",1981,0,8
"WA",1981,0,3
"WI",1981,65,130
"WV",1981,3,24
"WY",1981,0,30
"AL",1982,18,172
"AR",1982,237,395
"AZ",1982,0,34
"CA",1982,3,32
"CO",1982,0,235
"CT",1982,0,11
"DC",1982,0,1
"DE",1982,0,7
"FL",1982,41,160
"GA",1982,11,157
"HI",1982,0,3
"IA",1982,1,154
"ID",1982,0,26
"IL",1982,226,300
"IN",1982,0,228
"KS",1982,24,453
"KY",1982,22,173
"LA",1982,2,197
"MA",1982,0,7
"MD",1982,0,30
"ME",1982,0,12
"MI",1982,8,124
"MN",1982,1,193
"MO",1982,78,551
"MS",1982,110,123
"MT",1982,0,62
"NC",1982,5,95
"ND",1982,0,189
"NE",1982,0,394
"NH",1982,0,2
"NJ",1982,0,15
"NM",1982,0,41
"NV",1982,0,6
"NY",1982,1,109
"OH",1982,20,311
"OK",1982,228,379
"OR",1982,0,26
"PA",1982,4,52
"SC",1982,16,78
"SD",1982,4,258
"TN",1982,1,81
"TX",1982,266,956
"UT",1982,0,13
"VA",1982,0,61
"VT",1982,0,3
"WA",1982,0,10
"WI",1982,5,144
"WV",1982,1,18
"WY",1982,7,51
"AL",1983,109,280
"AR",1983,13,306
"AZ",1983,0,56
"CA",1983,34,38
"CO",1983,0,241
"CT",1983,0,26
"DE",1983,11,16
"FL",1983,65,287
"GA",1983,24,170
"HI",1983,0,1
"IA",1983,35,211
"ID",1983,0,41
"IL",1983,45,164
"IN",1983,0,204
"KS",1983,30,260
"KY",1983,7,204
"LA",1983,144,403
"MA",1983,0,37
"MD",1983,0,70
"ME",1983,0,52
"MI",1983,5,314
"MN",1983,4,287
"MO",1983,33,280
"MS",1983,32,169
"MT",1983,2,68
"NC",1983,18,123
"ND",1983,2,254
"NE",1983,0,215
"NH",1983,0,26
"NJ",1983,0,19
"NM",1983,0,15
"NV",1983,0,4
"NY",1983,14,237
"OH",1983,54,362
"OK",1983,13,630
"OR",1983,0,7
"PA",1983,13,149
"RI",1983,0,9
"SC",1983,9,130
"SD",1983,4,197
"TN",1983,1,72
"TX",1983,116,944
"UT",1983,0,37
"VA",1983,6,152
"VT",1983,0,22
"WA",1983,0,7
"WI",1983,10,381
"WV",1983,0,86
"WY",1983,0,59
"AL",1984,94,286
"AR",1984,98,384
"AZ",1984,1,28
"CA",1984,0,12
"CO",1984,29,140
"CT",1984,0,17
"DC",1984,0,1
"DE",1984,10,10
"FL",1984,4,125
"GA",1984,66,330
"IA",1984,115,285
"ID",1984,0,38
"IL",1984,32,229
"IN",1984,7,94
"KS",1984,50,351
"KY",1984,14,160
"LA",1984,38,378
"MA",1984,0,17
"MD",1984,39,27
"ME",1984,0,14
"MI",1984,16,118
"MN",1984,82,255
"MO",1984,39,384
"MS",1984,123,155
"MT",1984,0,44
"NC",1984,860,284
"ND",1984,1,98
"NE",1984,34,253
"NH",1984,2,11
"NJ",1984,0,18
"NM",1984,0,16
"NV",1984,0,20
"NY",1984,14,101
"OH",1984,16,113
"OK",1984,233,661
"OR",1984,0,9
"PA",1984,16,69
"RI",1984,0,1
"SC",1984,485,195
"SD",1984,4,168
"TN",1984,59,208
"TX",1984,144,721
"UT",1984,0,34
"VA",1984,23,73
"VT",1984,0,2
"WA",1984,0,3
"WI",1984,262,309
"WV",1984,7,26
"WY",1984,1,60
"AL",1985,53,335
"AR",1985,24,283
"AZ",1985,24,24
"CA",1985,4,8
"CO",1985,5,140
"CT",1985,0,15
"DC",1985,0,2
"DE",1985,2,4
"FL",1985,60,122
"GA",1985,23,250
"HI",1985,0,1
"IA",1985,33,241
"ID",1985,0,15
"IL",1985,26,145
"IN",1985,12,213
"KS",1985,15,415
"KY",1985,2,144
"LA",1985,34,301
"MA",1985,0,29
"MD",1985,0,24
"ME",1985,1,27
"MI",1985,7,203
"MN",1985,6,274
"MO",1985,19,254
"MS",1985,11,228
"MT",1985,2,32
"NC",1985,13,489
"ND",1985,0,127
"NE",1985,12,321
"NH",1985,1,7
"NJ",1985,8,42
"NM",1985,1,21
"NV",1985,3,12
"NY",1985,18,137
"OH",1985,357,245
"OK",1985,48,736
"OR",1985,0,2
"PA",1985,597,258
"RI",1985,0,1
"SC",1985,41,194
"SD",1985,1,283
"TN",1985,4,176
"TX",1985,72,886
"UT",1985,0,33
"VA",1985,1,51
"VT",1985,0,4
"WA",1985,0,6
"WI",1985,85,177
"WV",1985,0,11
"WY",1985,0,31
"AL",1986,44,266
"AR",1986,38,281
"AZ",1986,2,61
"CA",1986,1,23
"CO",1986,13,127
"CT",1986,1,2
"DC",1986,0,1
"DE",1986,1,3
"FL",1986,39,186
"GA",1986,51,232
"HI",1986,0,2
"IA",1986,34,358
"ID",1986,3,25
"IL",1986,21,211
"IN",1986,52,274
"KS",1986,28,664
"KY",1986,82,164
"LA",1986,15,139
"MA",1986,5,18
"MD",1986,2,28
"ME",1986,0,64
"MI",1986,36,168
"MN",1986,3,203
"MO",1986,38,204
"MS",1986,18,193
"MT",1986,0,27
"NC",1986,31,392
"ND",1986,14,180
"NE",1986,32,409
"NH",1986,0,52
"NJ",1986,0,13
"NM",1986,1,22
"NV",1986,0,9
"NY",1986,29,241
"OH",1986,50,303
"OK",1986,30,1055
"OR",1986,0,1
"PA",1986,36,228
"RI",1986,20,4
"SC",1986,7,121
"SD",1986,30,238
"TN",1986,15,93
"TX",1986,138,1018
"UT",1986,0,29
"VA",1986,2,62
"VT",1986,0,51
"WA",1986,0,3
"WI",1986,2,145
"WV",1986,2,44
"WY",1986,0,89
"AL",1987,6,155
"AR",1987,118,162
"AZ",1987,4,33
"CA",1987,0,13
"CO",1987,2,186
"CT",1987,0,4
"DC",1987,0,2
"DE",1987,0,6
"FL",1987,26,115
"GA",1987,2,124
"IA",1987,0,248
"ID",1987,9,71
"IL",1987,71,236
"IN",1987,5,267
"KS",1987,61,527
"KY",1987,28,236
"LA",1987,128,289
"MA",1987,0,7
"MD",1987,4,9
"ME",1987,0,37
"MI",1987,33,184
"MN",1987,10,207
"MO",1987,5,245
"MS",1987,375,230
"MT",1987,2,26
"NC",1987,16,296
"ND",1987,0,114
"NE",1987,17,219
"NH",1987,0,22
"NJ",1987,3,103
"NM",1987,0,54
"NV",1987,0,22
"NY",1987,10,174
"OH",1987,10,222
"OK",1987,27,626
"OR",1987,0,6
"PA",1987,7,177
"RI",1987,0,2
"SC",1987,15,128
"SD",1987,3,205
"TN",1987,25,59
"TX",1987,448,892
"UT",1987,8,33
"VA",1987,4,26
"VT",1987,9,40
"WA",1987,0,4
"WI",1987,6,213
"WV",1987,4,27
"WY",1987,4,84
"AL",1988,59,280
"AR",1988,133,310
"AZ",1988,32,39
"CA",1988,0,16
"CO",1988,8,130
"CT",1988,0,6
"DC",1988,0,3
"DE",1988,32,10
"FL",1988,45,117
"GA",1988,15,246
"HI",1988,0,2
"IA",1988,93,205
"ID",1988,40,23
"IL",1988,32,204
"IN",1988,34,152
"KS",1988,33,227
"KY",1988,16,42
"LA",1988,12,214
"MA",1988,5,59
"MD",1988,9,33
"ME",1988,0,42
"MI",1988,30,269
"MN",1988,2,127
"MO",1988,30,231
"MS",1988,34,374
"MT",1988,2,111
"NC",1988,181,359
"ND",1988,1,138
"NE",1988,14,155
"NH",1988,2,44
"NJ",1988,15,77
"NM",1988,2,54
"NV",1988,0,20
"NY",1988,15,324
"OH",1988,13,147
"OK",1988,22,564
"OR",1988,0,4
"PA",1988,9,253
"SC",1988,12,234
"SD",1988,2,100
"TN",1988,46,93
"TX",1988,42,766
"UT",1988,1,26
"VA",1988,2,97
"VT",1988,0,44
"WA",1988,0,7
"WI",1988,8,193
"WV",1988,0,26
"WY",1988,2,60
"AL",1989,520,369
"AR",1989,22,435
"AZ",1989,3,26
"CA",1989,0,13
"CO",1989,3,147
"CT",1989,125,16
"DC",1989,0,3
"DE",1989,3,15
"FL",1989,21,291
"GA",1989,125,492
"HI",1989,0,1
"IA",1989,15,340
"ID",1989,9,45
"IL",1989,91,163
"IN",1989,40,270
"KS",1989,8,453
"KY",1989,25,156
"LA",1989,113,323
"MA",1989,14,69
"MD",1989,4,70
"ME",1989,1,27
"MI",1989,12,147
"MN",1989,3,174
"MO",1989,0,179
"MS",1989,13,361
"MT",1989,5,89
"NC",1989,146,430
"ND",1989,3,144
"NE",1989,14,280
"NH",1989,0,7
"NJ",1989,18,119
"NM",1989,1,127
"NV",1989,0,12
"NY",1989,67,296
"OH",1989,20,219
"OK",1989,12,998
"OR",1989,0,5
"PA",1989,28,257
"RI",1989,3,2
"SC",1989,74,298
"SD",1989,9,113
"TN",1989,8,134
"TX",1989,110,1626
"UT",1989,0,20
"VA",1989,43,218
"VT",1989,0,42
"WA",1989,1,8
"WI",1989,16,231
"WV",1989,4,80
"WY",1989,2,70
"AL",1990,170,437
"AR",1990,17,320
"AZ",1990,30,61
"CA",1990,8,23
"CO",1990,76,179
"CT",1990,7,14
"DC",1990,1,6
"DE",1990,1,14
"FL",1990,21,287
"GA",1990,62,645
"IA",1990,22,336
"ID",1990,0,30
"IL",1990,411,275
"IN",1990,247,348
"KS",1990,125,623
"KY",1990,23,210
"LA",1990,57,424
"MA",1990,0,12
"MD",1990,77,110
"ME",1990,0,36
"MI",1990,8,144
"MN",1990,4,217
"MO",1990,45,190
"MS",1990,76,332
"MT",1990,1,71
"NC",1990,16,321
"ND",1990,6,176
"NE",1990,10,313
"NH",1990,0,15
"NJ",1990,39,102
"NM",1990,4,71
"NV",1990,2,7
"NY",1990,51,386
"OH",1990,46,319
"OK",1990,37,834
"OR",1990,3,9
"PA",1990,11,389
"RI",1990,0,5
"SC",1990,26,230
"SD",1990,1,168
"TN",1990,16,183
"TX",1990,122,1395
"UT",1990,1,28
"VA",1990,32,259
"VT",1990,0,39
"WA",1990,0,2
"WI",1990,7,163
"WV",1990,1,105
"WY",1990,0,83
"AL",1991,57,252
"AR",1991,21,381
"AZ",1991,4,36
"CA",1991,3,26
"CO",1991,1,318
"CT",1991,1,36
"DC",1991,0,5
"DE",1991,2,13
"FL",1991,36,330
"GA",1991,75,546
"IA",1991,31,383
"ID",1991,0,48
"IL",1991,33,308
"IN",1991,34,277
"KS",1991,291,877
"KY",1991,44,205
"LA",1991,34,440
"MA",1991,0,53
"MD",1991,13,102
"ME",1991,0,32
"MI",1991,49,385
"MN",1991,18,317
"MO",1991,72,330
"MS",1991,30,383
"MT",1991,0,137
"NC",1991,44,180
"ND",1991,2,189
"NE",1991,7,327
"NH",1991,15,23
"NJ",1991,2,110
"NM",1991,26,105
"NV",1991,0,6
"NY",1991,10,378
"OH",1991,56,373
"OK",1991,87,1133
"OR",1991,5,30
"PA",1991,39,457
"RI",1991,0,2
"SC",1991,11,170
"SD",1991,31,354
"TN",1991,90,207
"TX",1991,50,1615
"UT",1991,0,29
"VA",1991,4,94
"VT",1991,0,27
"WA",1991,0,12
"WI",1991,11,250
"WV",1991,89,146
"WY",1991,0,85
"AL",1992,80,347
"AR",1992,2,567
"AZ",1992,1,82
"CA",1992,6,33
"CO",1992,5,266
"CT",1992,3,46
"DC",1992,0,9
"DE",1992,0,23
"FL",1992,116,368
"GA",1992,166,393
"IA",1992,7,287
"ID",1992,3,68
"IL",1992,61,397
"IN",1992,79,336
"KS",1992,88,924
"KY",1992,14,156
"LA",1992,123,622
"MA",1992,4,47
"MD",1992,3,106
"ME",1992,0,38
"MI",1992,46,226
"MN",1992,54,203
"MO",1992,19,414
"MS",1992,375,372
"MT",1992,0,70
"NC",1992,94,317
"ND",1992,6,91
"NE",1992,7,468
"NH",1992,0,8
"NJ",1992,0,106
"NM",1992,52,154
"NV",1992,0,18
"NY",1992,14,268
"OH",1992,93,433
"OK",1992,39,1499
"OR",1992,0,16
"PA",1992,47,372
"RI",1992,0,4
"SC",1992,11,186
"SD",1992,10,283
"TN",1992,8,186
"TX",1992,77,2087
"UT",1992,0,47
"VA",1992,11,185
"VT",1992,0,23
"WA",1992,2,12
"WI",1992,63,187
"WV",1992,19,110
"WY",1992,0,74
"AK",1993,8,114
"AL",1993,22,134
"AR",1993,15,645
"AS",1993,0,2
"AZ",1993,16,116
"CA",1993,319,139
"CO",1993,4,250
"CT",1993,4,65
"DC",1993,17,20
"DE",1993,1,30
"FL",1993,194,481
"GA",1993,540,304
"GU",1993,0,3
"HI",1993,1,14
"IA",1993,29,301
"ID",1993,17,139
"IL",1993,9,186
"IN",1993,9,145
"KS",1993,26,756
"KY",1993,8,172
"LA",1993,80,404
"MA",1993,2,90
"MD",1993,7,139
"ME",1993,1,39
"MI",1993,7,192
"MN",1993,8,85
"MO",1993,33,457
"MS",1993,3,265
"MT",1993,1,119
"NC",1993,36,240
"ND",1993,5,52
"NE",1993,2,164
"NH",1993,4,35
"NJ",1993,2,64
"NM",1993,8,90
"NV",1993,4,35
"NY",1993,30,501
"OH",1993,22,233
"OK",1993,139,1353
"OR",1993,6,70
"PA",1993,16,292
"PR",1993,2,30
"RI",1993,0,21
"SC",1993,15,149
"SD",1993,44,163
"TN",1993,85,265
"TX",1993,89,1924
"UT",1993,50,141
"VA",1993,303,366
"VI",1993,0,18
"VT",1993,12,137
"WA",1993,149,58
"WI",1993,6,103
"WV",1993,8,175
"WY",1993,29,122
"AK",1994,0,98
"AL",1994,315,346
"AR",1994,22,982
"AS",1994,0,4
"AZ",1994,28,119
"CA",1994,75,137
"CO",1994,57,493
"CT",1994,4,87
"DC",1994,0,1
"DE",1994,4,15
"FL",1994,231,582
"GA",1994,99,475
"GU",1994,0,1
"HI",1994,1,17
"IA",1994,29,817
"ID",1994,5,95
"IL",1994,36,347
"IN",1994,89,327
"KS",1994,43,1007
"KY",1994,9,110
"LA",1994,17,484
"MA",1994,42,139
"MD",1994,14,123
"ME",1994,14,114
"MH",1994,1,1
"MI",1994,55,430
"MN",1994,16,431
"MO",1994,114,692
"MS",1994,36,457
"MT",1994,2,188
"NC",1994,17,178
"ND",1994,12,270
"NE",1994,18,607
"NH",1994,11,65
"NJ",1994,65,194
"NM",1994,18,170
"NV",1994,12,67
"NY",1994,91,871
"OH",1994,1681,806
"OK",1994,24,1826
"OR",1994,1,76
"PA",1994,547,749
"PR",1994,3,92
"RI",1994,0,28
"SC",1994,107,468
"SD",1994,58,315
"TN",1994,111,382
"TX",1994,229,2940
"UT",1994,18,109
"VA",1994,22,278
"VI",1994,0,15
"VT",1994,0,99
"WA",1994,57,55
"WI",1994,18,406
"WV",1994,23,276
"WY",1994,4,170
"AK",1995,12,148
"AL",1995,332,723
"AR",1995,37,1032
"AZ",1995,82,187
"CA",1995,77,158
"CO",1995,48,558
"CT",1995,4,145
"DC",1995,14,6
"DE",1995,4,42
"FL",1995,190,846
"GA",1995,360,644
"HI",1995,18,39
"IA",1995,22,644
"ID",1995,28,370
"IL",1995,999,634
"IN",1995,141,399
"KS",1995,34,1275
"KY",1995,141,761
"LA",1995,57,873
"MA",1995,40,149
"MD",1995,60,239
"ME",1995,16,64
"MI",1995,52,435
"MN",1995,31,291
"MO",1995,672,1075
"MS",1995,19,758
"MT",1995,5,331
"NC",1995,168,797
"ND",1995,22,186
"NE",1995,7,511
"NH",1995,4,55
"NJ",1995,55,216
"NM",1995,41,246
"NV",1995,20,102
"NY",1995,98,862
"OH",1995,300,1134
"OK",1995,57,1923
"OR",1995,12,105
"PA",1995,327,1044
"PR",1995,1,139
"RI",1995,1,38
"SC",1995,86,734
"SD",1995,30,310
"ST",1995,0,1
"TN",1995,124,762
"TX",1995,702,3442
"UT",1995,17,107
"VA",1995,235,1084
"VI",1995,0,27
"VT",1995,3,101
"WA",1995,5,36
"WI",1995,137,643
"WV",1995,19,352
"WY",1995,5,187
"AK",1996,31,250
"AL",1996,132,635
"AR",1996,181,1162
"AZ",1996,53,315
"CA",1996,80,284
"CO",1996,73,1011
"CT",1996,12,196
"DC",1996,2,21
"DE",1996,8,55
"FL",1996,272,811
"GA",1996,37,516
"HI",1996,13,130
"IA",1996,36,543
"ID",1996,5,216
"IL",1996,125,798
"IN",1996,41,780
"KS",1996,24,2232
"KY",1996,82,705
"LA",1996,59,507
"MA",1996,79,228
"MD",1996,175,301
"ME",1996,12,112
"MI",1996,20,478
"MN",1996,35,717
"MO",1996,104,1170
"MS",1996,50,619
"MT",1996,12,509
"NC",1996,292,1146
"ND",1996,13,320
"NE",1996,34,1093
"NH",1996,13,117
"NJ",1996,24,350
"NM",1996,15,243
"NV",1996,10,146
"NY",1996,118,875
"OH",1996,71,1075
"OK",1996,32,2014
"OR",1996,59,178
"PA",1996,89,1209
"PR",1996,23,154
"RI",1996,0,52
"SC",1996,39,636
"SD",1996,114,534
"TN",1996,27,819
"TX",1996,135,3225
"UT",1996,130,86
"VA",1996,41,1044
"VT",1996,7,128
"WA",1996,47,93
"WI",1996,153,657
"WV",1996,14,492
"WY",1996,6,283
"AK",1997,0,170
"AL",1997,71,697
"AR",1997,487,642
"AZ",1997,186,277
"CA",1997,182,438
"CO",1997,97,742
"CT",1997,12,117
"DC",1997,178,15
"DE",1997,3,69
"FL",1997,209,1187
"GA",1997,37,947
"GU",1997,34,28
"HI",1997,10,175
"IA",1997,35,588
"ID",1997,12,285
"IL",1997,108,591
"IN",1997,7,371
"KS",1997,45,1507
"KY",1997,71,739
"LA",1997,101,571
"MA",1997,35,202
"MD",1997,194,168
"ME",1997,15,81
"MI",1997,139,728
"MN",1997,33,868
"MO",1997,65,674
"MS",1997,39,750
"MT",1997,5,476
"NC",1997,54,748
"ND",1997,138,411
"NE",1997,13,888
"NH",1997,4,69
"NJ",1997,75,296
"NM",1997,28,275
"NV",1997,60,134
"NY",1997,149,502
"OH",1997,43,871
"OK",1997,25,1529
"OR",1997,28,158
"PA",1997,133,683
"PR",1997,4,139
"RI",1997,0,53
"SC",1997,39,493
"SD",1997,36,576
"TN",1997,161,1047
"TX",1997,454,3555
"UT",1997,293,133
"VA",1997,69,410
"VI",1997,0,28
"VT",1997,3,117
"WA",1997,47,168
"WI",1997,50,726
"WV",1997,13,339
"WY",1997,72,229
"AK",1998,0,209
"AL",1998,348,932
"AM",1998,0,1
"AR",1998,34,1099
"AS",1998,0,11
"AZ",1998,18,252
"CA",1998,294,779
"CO",1998,55,712
"CT",1998,6,146
"DC",1998,11,24
"DE",1998,16,88
"FL",1998,601,1412
"GA",1998,339,1404
"GU",1998,8,23
"HI",1998,7,88
"IA",1998,219,1282
"ID",1998,11,233
"IL",1998,239,1114
"IN",1998,49,912
"KS",1998,44,2013
"KY",1998,41,901
"LA",1998,111,638
"MA",1998,24,295
"MD",1998,30,298
"ME",1998,8,124
"MI",1998,199,888
"MN",1998,92,1210
"MO",1998,351,1293
"MS",1998,58,727
"MT",1998,14,530
"NC",1998,106,1364
"ND",1998,6,346
"NE",1998,45,1197
"NH",1998,24,145
"NJ",1998,127,353
"NM",1998,17,210
"NV",1998,23,220
"NY",1998,185,976
"OH",1998,206,1606
"OK",1998,120,1869
"OR",1998,23,249
"PA",1998,284,1136
"PR",1998,11,135
"RI",1998,0,65
"SC",1998,70,797
"SD",1998,177,444
"TN",1998,190,1086
"TX",1998,6563,3066
"UT",1998,173,167
"VA",1998,21,959
"VI",1998,0,21
"VT",1998,5,234
"WA",1998,19,140
"WI",1998,188,984
"WV",1998,23,494
"WY",1998,31,227
"AK",1999,32,308
"AL",1999,30,666
"AR",1999,211,1280
"AS",1999,0,32
"AZ",1999,65,224
"CA",1999,306,607
"CO",1999,53,658
"CT",1999,2,134
"DC",1999,143,19
"DE",1999,39,81
"FL",1999,105,1311
"GA",1999,59,998
"GU",1999,8,47
"HI",1999,9,134
"IA",1999,61,833
"ID",1999,14,119
"IL",1999,333,786
"IN",1999,21,538
"KS",1999,194,1721
"KY",1999,38,440
"LA",1999,185,600
"MA",1999,7,192
"MD",1999,319,315
"ME",1999,9,169
"MI",1999,108,562
"MN",1999,11,924
"MO",1999,505,836
"MS",1999,53,652
"MT",1999,10,588
"NC",1999,138,797
"ND",1999,4,527
"NE",1999,61,1020
"NH",1999,20,156
"NJ",1999,428,314
"NM",1999,21,291
"NV",1999,4,171
"NY",1999,82,568
"OH",1999,203,762
"OK",1999,761,2274
"OR",1999,57,326
"PA",1999,459,812
"PR",1999,11,128
"RI",1999,0,66
"SC",1999,75,534
"SD",1999,60,606
"TN",1999,189,811
"TX",1999,133,2789
"UT",1999,148,84
"VA",1999,128,836
"VI",1999,0,22
"VT",1999,8,137
"WA",1999,21,124
"WI",1999,77,822
"WV",1999,15,302
"WY",1999,23,236
"AK",2000,31,305
"AL",2000,243,924
"AR",2000,31,927
"AS",2000,1,28
"AZ",2000,55,215
"CA",2000,355,606
"CO",2000,40,751
"CT",2000,29,138
"DC",2000,3,29
"DE",2000,55,73
"FL",2000,72,1065
"GA",2000,335,893
"GU",2000,12,53
"HI",2000,1,109
"IA",2000,40,1150
"ID",2000,7,155
"IL",2000,46,1147
"IN",2000,25,821
"KS",2000,82,1922
"KY",2000,128,1019
"LA",2000,85,670
"MA",2000,9,207
"MD",2000,26,498
"ME",2000,14,188
"MI",2000,30,664
"MN",2000,23,716
"MO",2000,301,1332
"MS",2000,56,843
"MT",2000,46,794
"NC",2000,53,1014
"ND",2000,38,589
"NE",2000,4,1140
"NH",2000,8,96
"NJ",2000,38,328
"NM",2000,3,165
"NV",2000,15,119
"NY",2000,69,917
"OH",2000,191,1060
"OK",2000,27,1458
"OR",2000,19,168
"PA",2000,41,815
"PR",2000,14,90
"RI",2000,2,50
"SC",2000,36,576
"SD",2000,21,803
"TN",2000,19,870
"TX",2000,244,2917
"UT",2000,39,122
"VA",2000,58,1083
"VI",2000,0,16
"VT",2000,5,154
"WA",2000,24,100
"WI",2000,72,887
"WV",2000,7,454
"WY",2000,52,238
"AK",2001,22,276
"AL",2001,183,735
"AM",2001,0,7
"AN",2001,0,2
"AR",2001,48,1101
"AS",2001,0,24
"AZ",2001,35,219
"CA",2001,258,754
"CO",2001,62,729
"CT",2001,5,110
"DC",2001,5,21
"DE",2001,36,67
"FL",2001,163,971
"GA",2001,52,700
"GM",2001,0,82
"GU",2001,23,31
"HI",2001,7,173
"IA",2001,47,1552
"ID",2001,8,141
"IL",2001,78,890
"IN",2001,43,872
"KS",2001,58,2899
"KY",2001,35,779
"LA",2001,23,619
"LC",2001,0,2
"LE",2001,0,13
"LH",2001,0,1
"LM",2001,0,2
"MA",2001,4,178
"MD",2001,73,348
"ME",2001,36,145
"MI",2001,232,699
"MN",2001,55,1290
"MO",2001,304,1405
"MS",2001,245,963
"MT",2001,14,1135
"NC",2001,23,563
"ND",2001,18,813
"NE",2001,30,1267
"NH",2001,2,110
"NJ",2001,41,342
"NM",2001,18,139
"NV",2001,2,112
"NY",2001,59,521
"OH",2001,29,705
"OK",2001,51,1831
"OR",2001,9,213
"PA",2001,63,677
"PH",2001,0,1
"PR",2001,15,111
"PZ",2001,0,1
"RI",2001,4,33
"SC",2001,62,407
"SD",2001,16,868
"TN",2001,51,875
"TX",2001,368,2860
"UT",2001,39,118
"VA",2001,19,684
"VI",2001,2,17
"VT",2001,3,136
"WA",2001,30,148
"WI",2001,45,775
"WV",2001,16,387
"WY",2001,21,313
"AK",2002,11,320
"AL",2002,179,691
"AM",2002,0,114
"AN",2002,1,182
"AR",2002,34,782
"AS",2002,0,18
"AZ",2002,12,201
"CA",2002,387,564
"CO",2002,49,704
"CT",2002,6,118
"DC",2002,10,20
"DE",2002,1,96
"FL",2002,89,711
"GA",2002,41,1183
"GM",2002,0,546
"GU",2002,338,19
"HI",2002,5,161
"IA",2002,4,1122
"ID",2002,35,201
"IL",2002,145,939
"IN",2002,153,729
"KS",2002,11,2707
"KY",2002,62,1074
"LA",2002,32,487
"LC",2002,0,29
"LE",2002,0,231
"LH",2002,0,110
"LM",2002,0,122
"LO",2002,0,6
"LS",2002,0,11
"MA",2002,2,161
"MD",2002,192,340
"ME",2002,5,185
"MI",2002,54,712
"MN",2002,12,1284
"MO",2002,436,1353
"MS",2002,63,731
"MT",2002,13,828
"NC",2002,37,884
"ND",2002,7,692
"NE",2002,41,1020
"NH",2002,7,140
"NJ",2002,34,379
"NM",2002,3,248
"NV",2002,25,132
"NY",2002,153,703
"OH",2002,84,1096
"OK",2002,12,1268
"OR",2002,14,254
"PA",2002,190,830
"PH",2002,0,3
"PR",2002,3,69
"PZ",2002,0,9
"RI",2002,2,21
"SC",2002,25,559
"SD",2002,7,990
"SL",2002,0,1
"TN",2002,184,1030
"TX",2002,204,3391
"UT",2002,115,166
"VA",2002,35,890
"VI",2002,2,9
"VT",2002,1,173
"WA",2002,17,111
"WI",2002,53,853
"WV",2002,8,335
"WY",2002,8,245
"AK",2003,4,176
"AL",2003,21,1099
"AM",2003,4,178
"AN",2003,0,217
"AR",2003,21,1158
"AS",2003,10,11
"AZ",2003,41,247
"CA",2003,500,592
"CO",2003,29,753
"CT",2003,1,69
"DC",2003,16,30
"DE",2003,2,116
"FL",2003,176,824
"GA",2003,266,1391
"GM",2003,0,618
"GU",2003,5,27
"HI",2003,12,137
"IA",2003,95,1057
"ID",2003,8,205
"IL",2003,112,1436
"IN",2003,15,1116
"KS",2003,149,2112
"KY",2003,65,1126
"LA",2003,16,495
"LC",2003,0,37
"LE",2003,0,448
"LH",2003,0,80
"LM",2003,0,109
"LO",2003,0,5
"LS",2003,0,10
"MA",2003,8,111
"MD",2003,230,518
"ME",2003,7,133
"MI",2003,25,741
"MN",2003,14,773
"MO",2003,363,2148
"MS",2003,27,1162
"MT",2003,15,570
"NC",2003,54,1353
"ND",2003,18,445
"NE",2003,16,1182
"NH",2003,31,52
"NJ",2003,44,389
"NM",2003,10,229
"NV",2003,6,132
"NY",2003,43,482
"OH",2003,20,1357
"OK",2003,168,1798
"OR",2003,3,265
"PA",2003,53,1071
"PH",2003,0,4
"PK",2003,0,1
"PM",2003,0,1
"PR",2003,9,192
"PZ",2003,0,14
"RI",2003,1,18
"SC",2003,45,733
"SD",2003,14,988
"SL",2003,0,4
"TN",2003,154,1374
"TX",2003,150,2887
"UT",2003,41,181
"VA",2003,134,1074
"VI",2003,2,21
"VT",2003,3,148
"WA",2003,41,163
"WI",2003,16,437
"WV",2003,30,499
"WY",2003,11,223
"AK",2004,15,194
"AL",2004,33,795
"AM",2004,0,146
"AN",2004,6,198
"AR",2004,26,954
"AS",2004,24,10
"AZ",2004,21,242
"CA",2004,125,556
"CO",2004,55,1134
"CT",2004,2,74
"DC",2004,0,19
"DE",2004,6,98
"FL",2004,950,883
"GA",2004,63,844
"GM",2004,0,639
"GU",2004,39,26
"HI",2004,9,204
"IA",2004,31,1807
"ID",2004,12,192
"IL",2004,75,1380
"IN",2004,61,839
"KS",2004,42,2685
"KY",2004,24,1204
"LA",2004,40,554
"LC",2004,0,45
"LE",2004,0,288
"LH",2004,0,90
"LM",2004,0,184
"LO",2004,0,4
"LS",2004,0,11
"MA",2004,15,137
"MD",2004,4,366
"ME",2004,1,87
"MI",2004,16,806
"MN",2004,6,1127
"MO",2004,163,1599
"MS",2004,24,803
"MT",2004,15,412
"NC",2004,82,823
"ND",2004,1,541
"NE",2004,73,1372
"NH",2004,11,74
"NJ",2004,16,338
"NM",2004,5,395
"NV",2004,3,169
"NY",2004,34,837
"OH",2004,17,970
"OK",2004,19,1699
"OR",2004,4,263
"PA",2004,253,1064
"PH",2004,0,3
"PK",2004,0,2
"PR",2004,15,252
"PZ",2004,0,16
"RI",2004,2,19
"SC",2004,53,593
"SD",2004,2,1068
"SL",2004,0,1
"TN",2004,45,1048
"TX",2004,129,3754
"UT",2004,18,136
"VA",2004,40,738
"VI",2004,0,16
"VT",2004,5,121
"WA",2004,11,128
"WI",2004,31,755
"WV",2004,15,400
"WY",2004,9,132
"AK",2005,7,162
"AL",2005,44,1161
"AM",2005,1,137
"AN",2005,0,151
"AR",2005,40,745
"AS",2005,2,30
"AZ",2005,76,319
"CA",2005,80,861
"CO",2005,48,1123
"CT",2005,9,149
"DC",2005,1,16
"DE",2005,1,88
"FL",2005,88,723
"GA",2005,89,1158
"GM",2005,0,543
"GU",2005,5,11
"HI",2005,8,167
"IA",2005,24,1026
"ID",2005,2,167
"IL",2005,86,1064
"IN",2005,317,980
"KS",2005,48,2576
"KY",2005,146,669
"LA",2005,38,536
"LC",2005,0,21
"LE",2005,0,297
"LH",2005,0,84
"LM",2005,0,128
"LO",2005,0,6
"LS",2005,0,15
"MA",2005,28,200
"MD",2005,45,241
"ME",2005,3,195
"MI",2005,16,703
"MN",2005,25,1615
"MO",2005,193,1798
"MS",2005,156,1155
"MT",2005,8,789
"NC",2005,39,751
"ND",2005,8,888
"NE",2005,12,1452
"NH",2005,13,133
"NJ",2005,14,340
"NM",2005,3,347
"NV",2005,34,167
"NY",2005,24,1103
"OH",2005,19,805
"OK",2005,32,1459
"OR",2005,6,218
"PA",2005,108,991
"PH",2005,0,4
"PK",2005,0,5
"PR",2005,5,397
"PZ",2005,0,12
"RI",2005,2,33
"SC",2005,15,612
"SD",2005,6,1246
"TN",2005,29,909
"TX",2005,141,2870
"UT",2005,43,239
"VA",2005,9,533
"VI",2005,0,22
"VT",2005,0,210
"WA",2005,27,152
"WI",2005,43,990
"WV",2005,9,261
"WY",2005,28,226
"AK",2006,4,234
"AL",2006,31,1028
"AM",2006,6,139
"AN",2006,2,297
"AR",2006,92,1161
"AS",2006,2,21
"AZ",2006,47,344
"CA",2006,206,614
"CO",2006,29,927
"CT",2006,2,164
"DC",2006,2,20
"DE",2006,14,112
"FL",2006,113,640
"GA",2006,24,1160
"GM",2006,1,505
"GU",2006,11,9
"HI",2006,9,189
"IA",2006,46,1269
"ID",2006,5,304
"IL",2006,139,2132
"IN",2006,34,1525
"KS",2006,33,2396
"KY",2006,54,1550
"LA",2006,49,564
"LC",2006,0,29
"LE",2006,0,156
"LH",2006,0,98
"LM",2006,0,172
"LO",2006,0,4
"LS",2006,0,34
"MA",2006,21,306
"MD",2006,80,322
"ME",2006,3,414
"MI",2006,336,938
"MN",2006,46,993
"MO",2006,1213,2301
"MS",2006,27,877
"MT",2006,12,666
"NC",2006,63,1781
"ND",2006,8,625
"NE",2006,16,1099
"NH",2006,10,204
"NJ",2006,68,398
"NM",2006,12,301
"NV",2006,17,181
"NY",2006,80,1019
"OH",2006,35,1101
"OK",2006,175,1432
"OR",2006,14,439
"PA",2006,98,981
"PH",2006,0,5
"PK",2006,0,2
"PR",2006,3,184
"PZ",2006,0,8
"RI",2006,3,52
"SC",2006,50,1109
"SD",2006,11,941
"SL",2006,0,1
"TN",2006,309,1330
"TX",2006,164,2723
"UT",2006,7,247
"VA",2006,14,972
"VI",2006,0,13
"VT",2006,13,210
"WA",2006,24,330
"WI",2006,61,1153
"WV",2006,10,374
"WY",2006,9,205
"AK",2007,0,225
"AL",2007,118,711
"AM",2007,4,191
"AN",2007,16,183
"AR",2007,55,765
"AS",2007,3,14
"AZ",2007,13,320
"CA",2007,208,539
"CO",2007,29,1240
"CT",2007,1,128
"DC",2007,0,22
"DE",2007,5,121
"FL",2007,224,933
"GA",2007,78,1148
"GM",2007,0,540
"GU",2007,1,4
"HI",2007,5,161
"IA",2007,16,1880
"ID",2007,7,201
"IL",2007,111,1343
"IN",2007,8,896
"KS",2007,113,2531
"KY",2007,44,945
"LA",2007,64,446
"LC",2007,0,27
"LE",2007,0,20
"LH",2007,0,47
"LM",2007,1,153
"LO",2007,0,8
"LS",2007,0,31
"MA",2007,6,319
"MD",2007,7,338
"ME",2007,7,448
"MI",2007,32,1209
"MN",2007,68,1333
"MO",2007,552,1421
"MS",2007,21,807
"MT",2007,8,1104
"NC",2007,22,1096
"ND",2007,24,702
"NE",2007,15,1489
"NH",2007,3,288
"NJ",2007,22,498
"NM",2007,47,434
"NV",2007,19,136
"NY",2007,38,1163
"OH",2007,5,957
"OK",2007,85,1439
"OR",2007,6,392
"PA",2007,15,1179
"PH",2007,0,2
"PK",2007,0,2
"PR",2007,7,191
"PZ",2007,1,3
"RI",2007,0,32
"SC",2007,49,701
"SD",2007,1,1303
"TN",2007,26,630
"TX",2007,319,4160
"UT",2007,24,264
"VA",2007,6,1076
"VI",2007,0,12
"VT",2007,0,288
"WA",2007,32,210
"WI",2007,9,1078
"WV",2007,2,459
"WY",2007,10,353
"AK",2008,3,275
"AL",2008,153,1212
"AM",2008,4,216
"AN",2008,7,530
"AR",2008,276,1642
"AS",2008,0,14
"AZ",2008,91,348
"CA",2008,73,765
"CO",2008,110,1049
"CT",2008,9,280
"DC",2008,10,28
"DE",2008,56,103
"FL",2008,75,1027
"GA",2008,116,1504
"GM",2008,0,484
"GU",2008,3,9
"HI",2008,1,129
"IA",2008,164,2880
"ID",2008,7,260
"IL",2008,79,2123
"IN",2008,88,1639
"KS",2008,40,3320
"KY",2008,85,1369
"LA",2008,32,796
"LC",2008,0,17
"LE",2008,0,8
"LH",2008,0,24
"LM",2008,0,141
"LO",2008,0,8
"LS",2008,1,24
"MA",2008,32,688
"MD",2008,4,635
"ME",2008,2,411
"MI",2008,12,1236
"MN",2008,41,1333
"MO",2008,376,2419
"MS",2008,61,1512
"MT",2008,8,1082
"NC",2008,59,1844
"ND",2008,6,702
"NE",2008,10,1667
"NH",2008,7,291
"NJ",2008,50,546
"NM",2008,7,477
"NV",2008,30,288
"NY",2008,21,1584
"OH",2008,21,1184
"OK",2008,225,2245
"OR",2008,6,353
"PA",2008,30,956
"PK",2008,0,2
"PR",2008,5,130
"PZ",2008,2,5
"RI",2008,5,86
"SC",2008,40,1355
"SD",2008,18,1477
"TN",2008,207,919
"TX",2008,112,3184
"UT",2008,9,324
"VA",2008,234,1647
"VI",2008,0,13
"VT",2008,0,227
"WA",2008,11,326
"WI",2008,35,1139
"WV",2008,2,610
"WY",2008,20,542
"AK",2009,4,397
"AL",2009,64,1661
"AM",2009,4,223
"AN",2009,0,393
"AR",2009,87,1799
"AS",2009,161,15
"AZ",2009,21,322
"CA",2009,100,608
"CO",2009,32,1389
"CT",2009,61,260
"DC",2009,0,9
"DE",2009,28,132
"FL",2009,119,904
"GA",2009,49,1429
"GM",2009,0,449
"GU",2009,1,6
"HI",2009,5,156
"IA",2009,31,1482
"ID",2009,4,228
"IL",2009,68,1447
"IN",2009,9,961
"KS",2009,45,2649
"KY",2009,35,1582
"LA",2009,42,881
"LC",2009,0,13
"LE",2009,0,15
"LH",2009,0,12
"LM",2009,0,56
"LO",2009,0,12
"LS",2009,0,9
"MA",2009,10,279
"MD",2009,9,454
"ME",2009,17,246
"MI",2009,8,485
"MN",2009,10,664
"MO",2009,42,1623
"MS",2009,47,1169
"MT",2009,6,722
"NC",2009,40,1432
"ND",2009,2,553
"NE",2009,9,1393
"NH",2009,1,93
"NJ",2009,38,513
"NM",2009,14,452
"NV",2009,8,176
"NY",2009,25,1060
"OH",2009,15,645
"OK",2009,64,1779
"OR",2009,16,303
"PA",2009,42,838
"PH",2009,0,2
"PK",2009,0,5
"PR",2009,10,207
"PZ",2009,3,8
"RI",2009,9,26
"SC",2009,29,973
"SD",2009,5,1218
"TN",2009,89,1428
"TX",2009,110,4166
"UT",2009,1,264
"VA",2009,5,1239
"VI",2009,0,18
"VT",2009,0,122
"WA",2009,7,264
"WI",2009,11,534
"WV",2009,6,453
"WY",2009,9,511
"XX",2009,0,1
"AK",2010,0,235
"AL",2010,93,1007
"AM",2010,3,175
"AN",2010,0,471
"AR",2010,101,982
"AS",2010,0,16
"AZ",2010,42,488
"CA",2010,54,724
"CO",2010,24,1425
"CT",2010,40,290
"DC",2010,0,37
"DE",2010,3,99
"FL",2010,95,677
"GA",2010,30,1027
"GM",2010,0,481
"GU",2010,2,3
"HI",2010,5,136
"IA",2010,159,2469
"ID",2010,77,269
"IL",2010,92,1773
"IN",2010,24,984
"KS",2010,27,2380
"KY",2010,22,1483
"LA",2010,24,510
"LC",2010,0,27
"LE",2010,0,21
"LH",2010,0,33
"LM",2010,0,119
"LO",2010,0,7
"LS",2010,0,32
"MA",2010,28,466
"MD",2010,40,563
"ME",2010,9,312
"MI",2010,38,681
"MN",2010,52,1503
"MO",2010,46,1889
"MS",2010,191,1095
"MT",2010,7,986
"NC",2010,51,1689
"ND",2010,7,932
"NE",2010,6,1792
"NH",2010,7,201
"NJ",2010,21,470
"NM",2010,6,598
"NV",2010,22,233
"NY",2010,45,1075
"OH",2010,80,1189
"OK",2010,351,1023
"OR",2010,7,314
"PA",2010,17,994
"PH",2010,1,1
"PK",2010,0,4
"PR",2010,17,216
"PZ",2010,0,12
"RI",2010,1,45
"SC",2010,14,1012
"SD",2010,15,1572
"TN",2010,73,1203
"TX",2010,58,2540
"UT",2010,17,413
"VA",2010,17,1874
"VI",2010,3,26
"VT",2010,3,220
"WA",2010,10,274
"WI",2010,49,1128
"WV",2010,17,490
"WY",2010,37,746
"AK",2011,2,295
"AL",2011,2413,2139
"AM",2011,14,352
"AN",2011,3,626
"AR",2011,160,2035
"AS",2011,2,7
"AZ",2011,34,422
"CA",2011,59,582
"CO",2011,24,1110
"CT",2011,10,251
"DC",2011,1,34
"DE",2011,6,173
"FL",2011,77,1063
"GA",2011,211,1761
"GM",2011,0,450
"GU",2011,7,6
"HI",2011,8,201
"IA",2011,37,1772
"ID",2011,1,212
"IL",2011,78,2252
"IN",2011,73,1527
"KS",2011,30,2999
"KY",2011,35,2098
"LA",2011,55,792
"LC",2011,0,27
"LE",2011,0,29
"LH",2011,0,75
"LM",2011,5,161
"LO",2011,0,10
"LS",2011,0,85
"MA",2011,413,513
"MD",2011,6,860
"ME",2011,4,437
"MI",2011,40,1002
"MN",2011,62,1263
"MO",2011,1479,2541
"MS",2011,259,1507
"MT",2011,9,1150
"NC",2011,528,2128
"ND",2011,8,1481
"NE",2011,7,1884
"NH",2011,2,272
"NJ",2011,43,795
"NM",2011,20,368
"NV",2011,16,171
"NY",2011,51,1815
"OH",2011,14,2004
"OK",2011,447,1863
"OR",2011,2,262
"PA",2011,67,1744
"PH",2011,0,3
"PR",2011,9,158
"PZ",2011,2,8
"RI",2011,0,43
"SC",2011,49,1680
"SD",2011,6,1531
"TN",2011,959,1894
"TX",2011,694,3248
"UT",2011,12,318
"VA",2011,186,2187
"VI",2011,0,24
"VT",2011,4,421
"WA",2011,9,269
"WI",2011,23,1203
"WV",2011,4,836
"WY",2011,15,744
"XX",2011,0,1
